{
  "project_info": {
    "project_number": "698647280285",
    "project_id": "chat-f54a8",
    "storage_bucket": "chat-f54a8.appspot.com"
  },
  "client": [
    {
      "client_info": {
        "mobilesdk_app_id": "1:698647280285:android:34897a41035c5b035db274",
        "android_client_info": {
          "package_name": "com.example.chat"
        }
      },
      "oauth_client": [
        {
          "client_id": "698647280285-kj5mg193dhh1jelkkivj4vc93dbje60p.apps.googleusercontent.com",
          "client_type": 1,
          "android_info": {
            "package_name": "com.example.chat",
            "certificate_hash": "ea532c232f45b2135982fe3909f40e913c3366be"
          }
        },
        {
          "client_id": "698647280285-8n67iaf2bbo281onsbjohqvpkaa9jk7s.apps.googleusercontent.com",
          "client_type": 3
        }
      ],
      "api_key": [
        {
          "current_key": "AIzaSyAP07sVHd6FA76iZQHpKaj0NiumvllmksI"
        }
      ],
      "services": {
        "appinvite_service": {
          "other_platform_oauth_client": [
            {
              "client_id": "698647280285-8n67iaf2bbo281onsbjohqvpkaa9jk7s.apps.googleusercontent.com",
              "client_type": 3
            }
          ]
        }
      }
    }
  ],
  "configuration_version": "1"
}